[
  {
    "company": "Advanced Bike Components",
    "firstName": "Donna",
    "lastName": "Carreras",
    "email": "donna0@adventure-works.com",
    "phone": 2795550130,
    "address1": "99828 Routh Street, Suite 825",
    "address2": "",
    "city": "Dallas",
    "state": "TX",
    "postalCode": "75201"
  },
  {
    "company": "Super Bike",
    "firstName": "Rosmarie",
    "lastName": "Carroll",
    "email": "rosmarie0@adventure-works.com",
    "phone": 2445550112,
    "address1": "300 North Avenue",
    "address2": "",
    "city": "Somersworth",
    "state": "TX",
    "postalCode": "03878"
  },
  {
    "company": "Associated Bikes",
    "firstName": "Dominic",
    "lastName": "Gash",
    "email": "dominic0@adventure-works.com",
    "phone": 1925550173,
    "address1": "25 N State St",
    "address2": "",
    "city": "Chicago",
    "state": "IL",
    "postalCode": "60610"
  },
  {
    "company": "Rural Cycle Emporium",
    "firstName": "Kathleen",
    "lastName": "Garza",
    "email": "kathleen0@adventure-works.com",
    "phone": 1505550127,
    "address1": "Corporate Office",
    "address2": "",
    "city": "Garland",
    "state": "TX",
    "postalCode": "75040"
  },
  {
    "company": "Chic Department Stores",
    "firstName": "Jinghao",
    "lastName": "Liu",
    "email": "jinghao1@adventure-works.com",
    "phone": 9285550116,
    "address1": "90025 Sterling St",
    "address2": "",
    "city": "Irving",
    "state": "TX",
    "postalCode": "75061"
  },
  {
    "company": "Bike World",
    "firstName": "Kerim",
    "lastName": "Hanif",
    "email": "kerim0@adventure-works.com",
    "phone": 2165550122,
    "address1": "25095 W. Florissant",
    "address2": "",
    "city": "Ferguson",
    "state": "MO",
    "postalCode": "63135"
  },
  {
    "company": "Cross-Country Riding Supplies",
    "firstName": "Bryan",
    "lastName": "Hamilton",
    "email": "bryan2@adventure-works.com",
    "phone": 3445550144,
    "address1": "Fountains On The Lake",
    "address2": "",
    "city": "Stafford",
    "state": "TX",
    "postalCode": "77477"
  },
  {
    "company": "Journey Sporting Goods",
    "firstName": "Darren",
    "lastName": "Gehring",
    "email": "darren0@adventure-works.com",
    "phone": 4175550182,
    "address1": "9228 Via Del Sol",
    "address2": "",
    "city": "Phoenix",
    "state": "AZ",
    "postalCode": "85004"
  },
  {
    "company": "Gear-Shift Bikes Limited",
    "firstName": "Elsa",
    "lastName": "Leavitt",
    "email": "david19@adventure-works.com",
    "phone": 6535550159,
    "address1": "9178 Jumping St.",
    "address2": "",
    "city": "Dallas",
    "state": "TX",
    "postalCode": "75201"
  }
]
